vin,make,model,model_year,series,trim,type,plant_country,body_class,num_of_doors,curb_weight,dealer_name,body_type,engine_info,fuel_type,driveline,year_make_model,owned_state,odo_reading,year_purchased,price,services,service_locations
19UDE2F73HA004506,ACURA,2017,ILX,Premium Package/Technology Plus Package,,PASSENGER CAR,UNITED STATES (USA),Sedan/Saloon,4,Class 1C: 4001-5000 lb (1814-2268 kg),Fred Beans Hyundai,SEDAN 4 DR,2.4L I4 F DOHC 16V,GASOLINE,FRONT WHEEL DRIVE,2017 ACURA ILX PREMIUM TECH,New Jersey Pennsylvania,51615,2016,$20891,Maintenance inspection completed|Front brake pads replaced|Brake rotor(s) resurfaced|Vehicle washed/detailed|Four wheel alignment performed|Four tires balanced|Four tires mounted|Front brakes replaced|Maintenance inspection completed|Battery replaced|Battery cable(s) replaced|Vehicle washed/detailed|Emissions inspection performed|Emissions or safety inspection performed|Maintenance inspection completed|Recommended maintenance performed|Oil and filter changed|Vehicle washed/detailed|Pre-delivery inspection completed|Air filter replaced|Battery replaced|Cabin air filter replaced/cleaned|Oil and filter changed|Emissions inspection performed|Emissions or safety inspection performed|, montgomeryvilleacura.com|montgomeryvilleacura.com|montgomeryvilleacura.com|fredbeanshyundai.com|
19UDE2F31KA002614,ACURA,2019,ILX,Base/Acura Watch Plus,,PASSENGER CAR,UNITED STATES (USA),Sedan/Saloon,4,Class 1C: 4001-5000 lb (1814-2268 kg),gettacar,SEDAN 4 DR,2.4L I4 F DOHC 16V,GASOLINE,FRONT WHEEL DRIVE,2019 ACURA ILX,,,,$24997,Pre-delivery inspection completed|Vehicle washed/detailed|Fluids checked|Tire condition and pressure checked|Nitrogen fill tires|Maintenance inspection completed|Battery/charging system checked|Maintenance inspection completed|Battery/charging system checked|Vehicle washed/detailed|Emissions or safety inspection performed|Tires rotated|Front wiper blades/refills replaced|Fluids checked|Oil and filter changed|Vehicle washed/detailed|Brakes checked|, rallyeacura.com|rallyeacura.com|rallyeacura.com|rallyeacura.com|danisautosales.com|
19UDE2F37JA008481,ACURA,2018,ILX,Base/Acura Watch Plus,,PASSENGER CAR,UNITED STATES (USA),Sedan/Saloon,4,Class 1C: 4001-5000 lb (1814-2268 kg),Auto Lenders of Princeton,SEDAN 4 DR,2.4L I4 F DOHC 16V,GASOLINE,FRONT WHEEL DRIVE,2018 ACURA ILX BASE WATCH PLUS,,,,$24245,Tires rotated|Oil and filter changed|, walmart.com|
19UDE2F77JA007897,ACURA,2018,ILX,Premium Package/Technology Plus Package,,PASSENGER CAR,UNITED STATES (USA),Sedan/Saloon,4,Class 1C: 4001-5000 lb (1814-2268 kg),Auto Lenders of Williamstown,SEDAN 4 DR,2.4L I4 F DOHC 16V,GASOLINE,FRONT WHEEL DRIVE,2018 ACURA ILX PREMIUM TECH,New Jersey,37141,2018,$26495,Pre-delivery inspection completed|Maintenance inspection completed|Oil and filter changed|Tires rotated|Maintenance inspection completed|Brakes checked|, acuraofocean.com|lesterglennhonda.com|naplesacura.com|
19UDE2F80LA003041,ACURA,2020,ILX,Premium and A-SPEC Package/ Technology and A-SPEC Package,,PASSENGER CAR,UNITED STATES (USA),Sedan/Saloon,4,Class 1C: 4001-5000 lb (1814-2268 kg),Precision Acura of Princeton,SEDAN 4 DR,2.4L I4,GASOLINE,FRONT WHEEL DRIVE,2020 ACURA ILX PREMIUM A-SPEC/TECHNO,New Jersey,36932,2020,$29995,Pre-delivery inspection completed|Maintenance inspection completed|Anti-theft/keyless device/alarm installed|Maintenance inspection completed|Interior trim checked|Recommended maintenance performed|Maintenance inspection completed|Maintenance inspection completed|Recommended maintenance performed|Maintenance inspection completed|One tire mounted|One tire balanced|Maintenance inspection completed|Recommended maintenance performed|Four wheel alignment performed|Maintenance inspection completed|Recommended maintenance performed|Pre-delivery inspection completed|Maintenance inspection completed|Recommended maintenance performed|Tire pressure sensor checked|Four wheel alignment performed|Tire(s) balanced|Battery replaced|, precisionacura.com|precisionacura.com|precisionacura.com|precisionacura.com|precisionacura.com|precisionacura.com|precisionacura.com|precisionacura.com|precisionacura.com|precisionacura.com|
19UDE2F34JA007854,ACURA,2018,ILX,Base/Acura Watch Plus,,PASSENGER CAR,UNITED STATES (USA),Sedan/Saloon,4,Class 1C: 4001-5000 lb (1814-2268 kg),Taj Auto Mall,SEDAN 4 DR,2.4L I4 F DOHC 16V,GASOLINE,FRONT WHEEL DRIVE,2018 ACURA ILX BASE WATCH PLUS,New York Pennsylvania,36641,2018,$24333,Maintenance inspection completed|Oil and filter changed|Four wheel alignment performed|Safety inspection performed|Maintenance inspection completed|Tires rotated|Oil and filter changed|Air filter replaced|Cabin air filter replaced/cleaned|Safety inspection performed|Emissions or safety inspection performed|Maintenance inspection completed|Tires rotated|Oil and filter changed|Fuel injection system flushed/serviced|Fluids checked|Safety inspection performed|Maintenance inspection completed|Oil and filter changed|Tire condition and pressure checked|Two tires replaced|Four wheel alignment performed|Safety inspection performed|Maintenance inspection completed|Front brake pads replaced|Oil and filter changed|Tires rotated|Battery replaced|Safety inspection performed|Maintenance inspection completed|Safety inspection performed|Emissions or safety inspection performed|Maintenance inspection completed|Oil and filter changed|Safety inspection performed|Maintenance inspection completed|Wiper(s) replaced|Tire repaired|Safety inspection performed|Maintenance inspection completed|Tire(s) replaced|Safety inspection performed|Oil and filter changed|Emissions or safety inspection performed|Pre-delivery inspection completed|Cabin air filter replaced/cleaned|Two tires mounted|Battery/charging system checked|Tire condition and pressure checked|Battery replaced|Oil and filter changed|Emissions or safety inspection performed|Pre-delivery inspection completed|Emissions inspection performed|Emissions or safety inspection performed|, vsacura.com|vsacura.com|vsacura.com|vsacura.com|vsacura.com|vsacura.com|vsacura.com|vsacura.com|vsacura.com|millenniumhonda.com|starautomall512.com/|
19UDE2F76KA009982,ACURA,2019,ILX,Premium Package/Technology Package,,PASSENGER CAR,UNITED STATES (USA),Sedan/Saloon,4,Class 1C: 4001-5000 lb (1814-2268 kg),Elite Acura,SEDAN 4 DR,2.4L I4 F DOHC 16V,GASOLINE,FRONT WHEEL DRIVE,2019 ACURA ILX PREMIUM/TECHNOLOGY,New Jersey,32054,2019,$25995,Pre-delivery inspection completed|Recommended maintenance performed|Maintenance inspection completed|Vehicle washed/detailed|Drivability/performance checked|Maintenance inspection completed|Recommended maintenance performed|Vehicle washed/detailed|Steering/suspension checked|Maintenance inspection completed|Vehicle washed/detailed|Battery replaced|Maintenance inspection completed|Battery replaced|Brakes checked|Maintenance inspection completed|Vehicle washed/detailed|Tires rotated|Oil and filter changed|Floor mats installed|Oil and filter changed|Air filter replaced|Cabin air filter replaced/cleaned|Front wiper blades/refills replaced|, boardwalkacura.com|turnersvilleautocomplex.com|turnersvilleautocomplex.com|turnersvilleautocomplex.com|eliteacura.com|turnersvilleautocomplex.com|eliteacura.com|
19UDE2F30JA009102,ACURA,2018,ILX,Base/Acura Watch Plus,,PASSENGER CAR,UNITED STATES (USA),Sedan/Saloon,4,Class 1C: 4001-5000 lb (1814-2268 kg),Car Revolution,SEDAN 4 DR,2.4L I4 F DOHC 16V,GASOLINE,FRONT WHEEL DRIVE,2018 ACURA ILX BASE WATCH PLUS,New York New Jersey,31434,2018,$21881,Pre-delivery inspection completed|Vehicle washed/detailed|Emissions or safety inspection performed|Maintenance inspection completed|Tire condition and pressure checked|Emissions inspection performed|Emissions or safety inspection performed|Pre-delivery inspection completed|Four tires mounted|Anti-theft/keyless remote battery replaced|Wiper(s) replaced|Oil and filter changed|, curryacura.com|curryacura.com|whiteplainshonda.com|paragonacura.com|
19UDE2F72JA009363,ACURA,2018,ILX,Premium Package/Technology Plus Package,,PASSENGER CAR,UNITED STATES (USA),Sedan/Saloon,4,Class 1C: 4001-5000 lb (1814-2268 kg),Cherry Hill Imports,SEDAN 4 DR,2.4L I4 F DOHC 16V,GASOLINE,FRONT WHEEL DRIVE,2018 ACURA ILX PREMIUM TECH,New Jersey,30522,2018,$23755,Pre-delivery inspection completed|Wheel locks installed|Maintenance inspection completed|Vehicle washed/detailed|Drivability/performance checked|Tire condition and pressure checked|Headlight switch replaced|Turn signal switch replaced|Multi-function switch replaced|Maintenance inspection completed|Oil and filter changed|Drivability/performance checked|Tires rotated|Tire condition and pressure checked|Maintenance inspection completed|Oil and filter changed|Vehicle washed/detailed|Tires rotated|Maintenance inspection completed|Vehicle washed/detailed|Oil and filter changed|Tires rotated|Maintenance inspection completed|One tire mounted|One tire balanced|Brakes checked|Pre-delivery inspection completed|Oil and filter changed|Brake fluid flushed/changed|Air filter replaced|Wiper(s) replaced|, eliteacura.com|eliteacura.com|eliteacura.com|eliteacura.com|eliteacura.com|eliteacura.com|cherryhillimports.com|
19UDE2F73KA001788,ACURA,2019,ILX,Premium Package/Technology Package,,PASSENGER CAR,UNITED STATES (USA),Sedan/Saloon,4,Class 1C: 4001-5000 lb (1814-2268 kg),Union Park Buick GMC,SEDAN 4 DR,2.4L I4 F DOHC 16V,GASOLINE,FRONT WHEEL DRIVE,2019 ACURA ILX PREMIUM/TECHNOLOGY,Delaware,30443,2019,$26988,Pre-delivery inspection completed|Wheel locks installed|Vehicle washed/detailed|Maintenance inspection completed|Vehicle washed/detailed|, hertrichsofnewcastle.com|hertrichsofnewcastle.com|
19UDE2F73KA008451,ACURA,2019,ILX,Premium Package/Technology Package,,PASSENGER CAR,UNITED STATES (USA),Sedan/Saloon,4,Class 1C: 4001-5000 lb (1814-2268 kg),Piazza Honda of Springfield,SEDAN 4 DR,2.4L I4 F DOHC 16V,GASOLINE,FRONT WHEEL DRIVE,2019 ACURA ILX PREMIUM/TECHNOLOGY,Pennsylvania,29716,2019,$26740,Maintenance inspection completed|Oil and filter changed|, candjautorepair.com/|
19UDE2F79KA002699,ACURA,2019,ILX,Premium Package/Technology Package,,PASSENGER CAR,UNITED STATES (USA),Sedan/Saloon,4,Class 1C: 4001-5000 lb (1814-2268 kg),Piazza Acura VW of Ardmore,SEDAN 4 DR,2.4L I4 F DOHC 16V,GASOLINE,FRONT WHEEL DRIVE,2019 ACURA ILX PREMIUM/TECHNOLOGY,Pennsylvania,28958,2019,$25706,Maintenance inspection completed|Drivability/performance checked|Air filter checked|Fluids checked|Oil and filter changed|Tire condition and pressure checked|Body lubricated|Cabin air filter replaced/cleaned|Air filter replaced|Oil and filter changed|, sunrisecas.com/|https://integrity1auto.com/|https://perfectionautodetails.com/|
19UDE2F86KA005374,ACURA,2019,ILX,Premium and A-SPEC Package/ Technology and A-SPEC Package,,PASSENGER CAR,UNITED STATES (USA),Sedan/Saloon,4,Class 1C: 4001-5000 lb (1814-2268 kg),Reedman -Toll Auto World,SEDAN 4 DR,2.4L I4 F DOHC 16V,GASOLINE,FRONT WHEEL DRIVE,2019 ACURA ILX PREMIUM A-SPEC/TECHNO,New Jersey Pennsylvania,28601,2019,$30999,Pre-delivery inspection completed|Floor mats installed|Battery/charging system checked|Vehicle washed/detailed|Battery/charging system checked|Brakes checked|Fluids checked|Oil and filter changed|Tire condition and pressure checked|Tires rotated|Body lubricated|Lights checked|Body electrical system checked|Battery/charging system checked|Brakes checked|Fluids checked|Oil and filter changed|Tire condition and pressure checked|Tires rotated|Body lubricated|Lights checked|Maintenance inspection completed|Battery/charging system checked|Brakes checked|Fluids checked|Oil and filter changed|Tire condition and pressure checked|Tires rotated|Body lubricated|Lights checked|, bridgewateracura.com|bridgewateracura.com|bridgewateracura.com|bridgewateracura.com|bridgewateracura.com|
19UDE2F37JA005371,ACURA,2018,ILX,Base/Acura Watch Plus,,PASSENGER CAR,UNITED STATES (USA),Sedan/Saloon,4,Class 1C: 4001-5000 lb (1814-2268 kg),Star Auto Mall 512,SEDAN 4 DR,2.4L I4 F DOHC 16V,GASOLINE,FRONT WHEEL DRIVE,2018 ACURA ILX BASE WATCH PLUS,New York Pennsylvania,27198,2018,$23777,Tire condition and pressure checked|Tire(s) balanced|One tire balanced|Tire(s) replaced|Tire(s) mounted|Wipers/washers checked|Emissions or safety inspection performed|Outer tie rod(s) replaced|Tire(s) balanced|Tire(s) mounted|Steering/suspension checked|Air filter replaced|Oil and filter changed|Emissions inspection performed|Emissions or safety inspection performed|, meineke.com|starautomall512.com/|starautomall512.com/|
19UDE2F35JA009743,ACURA,2018,ILX,Base/Acura Watch Plus,,PASSENGER CAR,UNITED STATES (USA),Sedan/Saloon,4,Class 1C: 4001-5000 lb (1814-2268 kg),Star Auto Mall 512,SEDAN 4 DR,2.4L I4 F DOHC 16V,GASOLINE,FRONT WHEEL DRIVE,2018 ACURA ILX BASE WATCH PLUS,New Hampshire Pennsylvania,26816,2018,$25777,Maintenance inspection completed|Drivability/performance checked|Vehicle washed/detailed|Pre-delivery inspection completed|Rear brakes replaced|Steering/suspension checked|Four tires mounted|Oil and filter changed|Brakes checked|Emissions inspection performed|Emissions or safety inspection performed|Battery/charging system checked|, courtesyacura.com|starautomall512.com/|starautomall512.com/|
19UDE2F89LA007993,ACURA,2020,ILX,Premium and A-SPEC Package/ Technology and A-SPEC Package,,PASSENGER CAR,UNITED STATES (USA),Sedan/Saloon,4,Class 1C: 4001-5000 lb (1814-2268 kg),Joshua Motors,SEDAN 4 DR,2.4L I4,GASOLINE,FRONT WHEEL DRIVE,2020 ACURA ILX PREMIUM A-SPEC/TECHNO,New Jersey,25899,2020,$32995,VIN glass etching vin etched|Wheel locks installed|Safety inspection performed|Emissions or safety inspection performed|Service contract claim|Tire(s) serviced|One tire replaced|Vehicle washed/detailed|Tire(s) replaced|Service contract claim|Tire(s) serviced|Maintenance inspection completed|Vehicle washed/detailed|Tire(s) replaced|Maintenance inspection completed|Vehicle washed/detailed|Battery replaced|Brakes checked|, sussmanauto.com|openroadacuraofeastbrunswick.com|openroadacuraofeastbrunswick.com|openroadacuraofeastbrunswick.com|
19UDE2F7XKA015106,ACURA,2019,ILX,Premium Package/Technology Package,,PASSENGER CAR,UNITED STATES (USA),Sedan/Saloon,4,Class 1C: 4001-5000 lb (1814-2268 kg),Piazza Acura of West Chester,SEDAN 4 DR,2.4L I4 F DOHC 16V,GASOLINE,FRONT WHEEL DRIVE,2019 ACURA ILX PREMIUM/TECHNOLOGY,Pennsylvania,25421,2019,$26559,, 
19UDE2F3XKA003793,ACURA,2019,ILX,Base/Acura Watch Plus,,PASSENGER CAR,UNITED STATES (USA),Sedan/Saloon,4,Class 1C: 4001-5000 lb (1814-2268 kg),J & S Autohaus,SEDAN 4 DR,2.4L I4 F DOHC 16V,GASOLINE,FRONT WHEEL DRIVE,2019 ACURA ILX,New York New Jersey,25191,2019,$23995,Pre-delivery inspection completed|Maintenance inspection completed|Recommended maintenance performed|A/C and heating system checked|Four wheel alignment performed|Battery replaced|Oil and filter changed|Maintenance inspection completed|Maintenance inspection completed|Front brakes serviced|Rear brakes serviced/adjusted|Four tires balanced|Four tires mounted|, acuraofocean.com|acuraofocean.com|acuraofocean.com|jsmitsubishi.com/|
19UDE2F83KA010287,ACURA,2019,ILX,Premium and A-SPEC Package/ Technology and A-SPEC Package,,PASSENGER CAR,UNITED STATES (USA),Sedan/Saloon,4,Class 1C: 4001-5000 lb (1814-2268 kg),Precision Acura of Princeton,SEDAN 4 DR,2.4L I4 F DOHC 16V,GASOLINE,FRONT WHEEL DRIVE,2019 ACURA ILX PREMIUM A-SPEC/TECHNO,New Jersey,23831,2019,$28995,Pre-delivery inspection completed|Oil and filter changed|Tires rotated|Maintenance inspection completed|One tire replaced|Electrical system checked|Tire condition and pressure checked|Tire(s) replaced|Oil and filter changed|Tires rotated|Tire condition and pressure checked|Oil and filter changed|Tires rotated|Pre-delivery inspection completed|Recommended maintenance performed|Tire(s) balanced|One tire mounted|One tire balanced|Wheel bearings checked|, acuraofdenville.com|acuraofdenville.com|acuraofocean.com|acuraofdenville.com|parkaveacura.com|crazyjoesautoworld.com|acuraofdenville.com|acuraofdenville.com|precisionacura.com|
19UDE2F32KA000502,ACURA,2019,ILX,Base/Acura Watch Plus,,PASSENGER CAR,UNITED STATES (USA),Sedan/Saloon,4,Class 1C: 4001-5000 lb (1814-2268 kg),Piazza Acura of West Chester,SEDAN 4 DR,2.4L I4 F DOHC 16V,GASOLINE,FRONT WHEEL DRIVE,2019 ACURA ILX,Pennsylvania,23834,2018,$25352,Pre-delivery inspection completed|Wheel locks installed|Safety inspection performed|Emissions inspection performed|, montgomeryvilleacura.com|
19UDE2F72KA004083,ACURA,2019,ILX,Premium Package/Technology Package,,PASSENGER CAR,UNITED STATES (USA),Sedan/Saloon,4,Class 1C: 4001-5000 lb (1814-2268 kg),Sussman Acura Jenkintown,SEDAN 4 DR,2.4L I4 F DOHC 16V,GASOLINE,FRONT WHEEL DRIVE,2019 ACURA ILX PREMIUM/TECHNOLOGY,Pennsylvania,22427,2019,$26883,Pre-delivery inspection completed|Anti-theft/keyless device/alarm installed|Pre-delivery inspection completed|VIN glass etching vin etched|Safety inspection performed|Vehicle washed/detailed|Maintenance inspection completed|Four wheel alignment performed|Steering wheel centered|Emission system checked|Oil and filter changed|Safety inspection performed|Two tires replaced|Wiper(s) replaced|Tire(s) replaced|Emissions or safety inspection performed|Vehicle washed/detailed|, turnersvilleautocomplex.com|sussmanauto.com|sussmanauto.com|sussmanauto.com|sussmanauto.com|
19UDE2F73KA007705,ACURA,2019,ILX,Premium Package/Technology Package,,PASSENGER CAR,UNITED STATES (USA),Sedan/Saloon,4,Class 1C: 4001-5000 lb (1814-2268 kg),Concordville Subaru,SEDAN 4 DR,2.4L I4 F DOHC 16V,GASOLINE,FRONT WHEEL DRIVE,2019 ACURA ILX PREMIUM/TECHNOLOGY,New York Pennsylvania,21444,2019,$25995,Pre-delivery inspection completed|Floor mats installed|Accessories installed|Maintenance inspection completed|Battery/charging system checked|Maintenance inspection completed|Battery/charging system checked|Maintenance inspection completed|Oil and filter changed|Battery/charging system checked|Oil and filter changed|Wiper(s) replaced|Maintenance inspection completed|Battery replaced|Battery/charging system checked|Pre-delivery inspection completed|Tire condition and pressure checked|Brake rotor(s) resurfaced|Front brake rotor(s) resurfaced|Tires rotated|Body electrical system checked|Rear brakes serviced/adjusted|Oil and filter changed|Emissions inspection performed|Emissions or safety inspection performed|Vehicle washed/detailed|, paragonacura.com|paragonacura.com|paragonacura.com|paragonacura.com|paragonacura.com|paragonacura.com|https://concordvillesubaru.com/|https://concordvillesubaru.com/|
19UDE2F38JA004424,ACURA,2018,ILX,Base/Acura Watch Plus,,PASSENGER CAR,UNITED STATES (USA),Sedan/Saloon,4,Class 1C: 4001-5000 lb (1814-2268 kg),J & S Autohaus,SEDAN 4 DR,2.4L I4 F DOHC 16V,GASOLINE,FRONT WHEEL DRIVE,2018 ACURA ILX BASE WATCH PLUS,New Jersey,20579,2018,$23995,Pre-delivery inspection completed|Maintenance inspection completed|Four wheel alignment performed|Maintenance inspection completed|, acuraofocean.com|acuraofocean.com|acuraofocean.com|acuraofocean.com|
19UDE2F30LA003223,ACURA,2020,ILX,Base/Acura Watch Plus,,PASSENGER CAR,UNITED STATES (USA),Sedan/Saloon,4,Class 1C: 4001-5000 lb (1814-2268 kg),Moyer Nissan of Wernersville,SEDAN 4 DR,2.4L I4,GASOLINE,FRONT WHEEL DRIVE,2020 ACURA ILX,Pennsylvania,19503,2020,$27799,Pre-delivery inspection completed|Brake rotor(s) resurfaced|Oil and filter changed|Air filter replaced|Tires rotated|Four wheel alignment performed|Emissions or safety inspection performed|, nissanofwernersville.com|
19UDE2F32HA014585,ACURA,2017,ILX,Base/Acura Watch Plus,,PASSENGER CAR,UNITED STATES (USA),Sedan/Saloon,4,Class 1C: 4001-5000 lb (1814-2268 kg),Star Auto Mall 512,SEDAN 4 DR,2.4L I4 F DOHC 16V,GASOLINE,FRONT WHEEL DRIVE,2017 ACURA ILX BASE/ILX WATCH PLUS,New York Arizona,18123,2017,$22977,Pre-delivery inspection completed|, starautomall512.com/|
19UDE2F7XKA002694,ACURA,2019,ILX,Premium Package/Technology Package,,PASSENGER CAR,UNITED STATES (USA),Sedan/Saloon,4,Class 1C: 4001-5000 lb (1814-2268 kg),Piazza Honda of Springfield,SEDAN 4 DR,2.4L I4 F DOHC 16V,GASOLINE,FRONT WHEEL DRIVE,2019 ACURA ILX PREMIUM/TECHNOLOGY,Pennsylvania,15914,2019,$27330,, 
19UDE2F39KA002568,ACURA,2019,ILX,Base/Acura Watch Plus,,PASSENGER CAR,UNITED STATES (USA),Sedan/Saloon,4,Class 1C: 4001-5000 lb (1814-2268 kg),Martin Main Line Honda,SEDAN 4 DR,2.4L I4 F DOHC 16V,GASOLINE,FRONT WHEEL DRIVE,2019 ACURA ILX,Florida Pennsylvania,15459,2019,$26930,Pre-delivery inspection completed|Maintenance inspection completed|Oil and filter changed|Oil and filter changed|Fluids checked|Tire condition and pressure checked|Maintenance inspection completed|Oil and filter changed|Tire condition and pressure checked|Safety inspection performed|Emissions inspection performed|, delrayacura.com|delrayacura.com|martinmainlinehonda.com|martinmainlinehonda.com|
19UDE2F38LA009464,ACURA,2020,ILX,Base/Acura Watch Plus,,PASSENGER CAR,UNITED STATES (USA),Sedan/Saloon,4,Class 1C: 4001-5000 lb (1814-2268 kg),Martin Main Line Honda,SEDAN 4 DR,2.4L I4,GASOLINE,FRONT WHEEL DRIVE,2020 ACURA ILX,New York Pennsylvania,9907,2020,$30414,Pre-delivery inspection completed|Floor mats installed|Accessories installed|Emissions or safety inspection performed|Vehicle washed/detailed|Oil and filter changed|Steering/suspension lubricated|Fluids checked|Tire condition and pressure checked|Maintenance inspection completed|Safety inspection performed|Oil and filter changed|Tire condition and pressure checked|Emissions inspection performed|, paragonacura.com|paragonacura.com|paragonacura.com|martinmainlinehonda.com|
19UDE2F73MA000837,ACURA,2021,ILX,,Premium Package,PASSENGER CAR,UNITED STATES (USA),Sedan/Saloon,4,Class 1C: 4001-5000 lb (1814-2268 kg),Martin Main Line Honda,SEDAN 4 DR,2.4L I4 F DOHC 16V,GASOLINE,FRONT WHEEL DRIVE,2021 ACURA ILX PREMIUM/TECHNOLOGY,New Jersey Pennsylvania,4705,2021,$31530,Maintenance inspection completed|Safety inspection performed|Oil and filter changed|Tire condition and pressure checked|Emissions inspection performed|, martinmainlinehonda.com|
19UDE2F76KA011294,ACURA,2019,ILX,Premium Package/Technology Package,,PASSENGER CAR,UNITED STATES (USA),Sedan/Saloon,4,Class 1C: 4001-5000 lb (1814-2268 kg),Clinton Acura,SEDAN 4 DR,2.4L I4 F DOHC 16V,GASOLINE,FRONT WHEEL DRIVE,2019 ACURA ILX PREMIUM/TECHNOLOGY,New Jersey,41675,2019,$24995,Pre-delivery inspection completed|Wheel locks installed|Body electrical system checked|Maintenance inspection completed|Noise checked|Vehicle washed/detailed|Oil and filter changed|Tire(s) balanced|Tires rotated|Fluids checked|Noise checked|Tire condition and pressure checked|Maintenance inspection completed|Vehicle washed/detailed|Oil and filter changed|Tire(s) balanced|Tires rotated|Fluids checked|Recommended maintenance performed|Maintenance inspection completed|Vehicle washed/detailed|Oil and filter changed|Tire condition and pressure checked|Fluids checked|Wiper(s) replaced|Tire(s) balanced|Tires rotated|Maintenance inspection completed|Vehicle washed/detailed|Maintenance inspection completed|Recommended maintenance performed|Four wheel alignment performed|Interior trim checked|Vehicle washed/detailed|Oil and filter changed|Drive belts checked|Fluids checked|Engine electrical system checked|Vehicle washed/detailed|Maintenance inspection completed|Oil and filter changed|Windshield washer checked|Fluids checked|Tire condition and pressure checked|Vehicle washed/detailed|Maintenance inspection completed|Oil and filter changed|Tire condition and pressure checked|Tire(s) replaced|Windshield washer checked|Fluids checked|Throttle body cleaned/serviced|Four tires balanced|Four tires mounted|Air filter replaced|Cabin air filter replaced/cleaned|, clintonacura.com|clintonacura.com|clintonacura.com|clintonacura.com|clintonacura.com|clintonacura.com|clintonacura.com|clintonacura.com|clintonacura.com|clintonacura.com|clintonacura.com|clintonacura.com|
19UDE2F73JA009341,ACURA,2018,ILX,Premium Package/Technology Plus Package,,PASSENGER CAR,UNITED STATES (USA),Sedan/Saloon,4,Class 1C: 4001-5000 lb (1814-2268 kg),Clinton Acura,SEDAN 4 DR,2.4L I4 F DOHC 16V,GASOLINE,FRONT WHEEL DRIVE,2018 ACURA ILX PREMIUM TECH,New Jersey,10971,2018,$24549,Pre-delivery inspection completed|VIN glass etching vin etched|Wheel locks installed|Fluids checked|Maintenance inspection completed|Maintenance inspection completed|Maintenance inspection completed|Vehicle washed/detailed|Tire condition and pressure checked|Tires rotated|Fluids checked|Oil and filter changed|Maintenance inspection completed|Vehicle washed/detailed|Parking brake adjusted|Brakes checked|Oil and filter changed|Tire condition and pressure checked|Tires rotated|Maintenance inspection completed|Oil and filter changed|Tire condition and pressure checked|Fluids checked|Air filter replaced|Wiper(s) replaced|Throttle body cleaned/serviced|Tire(s) balanced|Tires rotated|, dchmontclairacura.com|dchmontclairacura.com|dchmontclairacura.com|dchmontclairacura.com|dchmontclairacura.com|clintonacura.com|clintonacura.com|
19UDE2F30KA005293,ACURA,2019,ILX,Base/Acura Watch Plus,,PASSENGER CAR,UNITED STATES (USA),Sedan/Saloon,4,Class 1C: 4001-5000 lb (1814-2268 kg),Acura of Limerick,SEDAN 4 DR,2.4L I4 F DOHC 16V,GASOLINE,FRONT WHEEL DRIVE,2019 ACURA ILX,Pennsylvania,6610,2019,$26929,VIN glass etching vin etched|Wheel locks installed|Safety inspection performed|Paint protection applied|Maintenance inspection completed|Vehicle washed/detailed|Emissions inspection performed|Recommended maintenance performed|Maintenance inspection completed|Vehicle washed/detailed|Oil and filter changed|Parking brake adjusted|Cabin air filter replaced/cleaned|Alignment checked|Tire(s) balanced|Tires rotated|Drain plug gasket replaced|Pre-delivery inspection completed|Oil and filter changed|Wiper(s) replaced|Emissions inspection performed|, sussmanauto.com|acuraoflimerick.com/index.htm|acuraoflimerick.com/index.htm|acuraoflimerick.com/index.htm|acuraoflimerick.com/index.htm|
1HGCV1F56KA010232,HONDA,2019,Accord,EX-L,,PASSENGER CAR,UNITED STATES (USA),Sedan/Saloon,4,Class 1C: 4001-5000 lb (1814-2268 kg),Rossi Honda,SEDAN 4 DR,1.5L I4 F DOHC 16V,GASOLINE,FRONT WHEEL DRIVE,2019 HONDA ACCORD EX-L,New Jersey,21598,2019,$29499,Pre-delivery inspection completed|Vehicle washed/detailed|Pre-delivery inspection completed|Cabin air filter replaced/cleaned|Air filter replaced|Battery replaced|Tires rotated|Vehicle washed/detailed|, rossihonda.com|burnshonda.com|burnshonda.com|rossihonda.com|
1HGCV1F19KA083575,HONDA,2019,Accord,LX,,PASSENGER CAR,UNITED STATES (USA),Sedan/Saloon,4,Class 1C: 4001-5000 lb (1814-2268 kg),Reedman-Toll Honda of Downingtown,SEDAN 4 DR,1.5L I4 F DOHC 16V,GASOLINE,FRONT WHEEL DRIVE,2019 HONDA ACCORD LX,Pennsylvania,23259,2019,$24900,Pre-delivery inspection completed|Wheel locks installed|Tires rotated|Emissions system serviced|Emission system checked|Oil and filter changed|Tires rotated|Emissions or safety inspection performed|Emission system checked|Four wheel alignment performed|Emissions system serviced|Alignment performed|Emissions or safety inspection performed|Cabin air filter replaced/cleaned|Oil and filter changed|Tire(s) replaced|Tire condition and pressure checked|Pre-delivery inspection completed|Brake fluid flushed/changed|Four tires balanced|Four tires mounted|Oil and filter changed|Alignment checked|, reedmantollhondaofdowningtown.com|reedmantollhondaofdowningtown.com|reedmantollhondaofdowningtown.com|meineke.com|meineke.com|reedmantollhondaofdowningtown.com|meineke.com|reedmantollhondaofdowningtown.com|reedmantollhondaofdowningtown.com|
4T1B11HK8JU156889,TOYOTA,2018,Camry,AXVA70L/GSV70L/AXVH70L/AXVH71L,L/LE/SE/XLE,PASSENGER CAR,UNITED STATES (USA),Sedan/Saloon,4,,Volkswagen Reading,SEDAN 4 DR,2.5L I4 F DOHC 16V,GASOLINE,FRONT WHEEL DRIVE,2018 TOYOTA CAMRY L/LE/XLE/SE/XSE,Pennsylvania,55689,2018,$22795,Pre-delivery inspection completed|Emissions or safety inspection performed|Maintenance inspection completed|5,000 mile service performed|Maintenance inspection completed|10,000 mile service performed|Maintenance inspection completed|15,000 mile service performed|Maintenance inspection completed|20,000 mile service performed|Oil and filter changed|Tire condition and pressure checked|Maintenance inspection completed|25,000 mile service performed|Maintenance inspection completed|30,000 mile service performed|Oil and filter changed|Maintenance inspection completed|Inspection performed|Alignment checked|Maintenance inspection completed|Fuel pump replaced|Maintenance inspection completed|50,000 mile service performed|Oil and filter changed|Four tires balanced|Four tires mounted|Wiper(s) replaced|, bennetttoyotapa.com/|bennetttoyotapa.com/|bennetttoyotapa.com/|bennetttoyotapa.com/|bennetttoyotapa.com/|bennetttoyotapa.com/|bennetttoyotapa.com/|bennetttoyotapa.com/|bennetttoyotapa.com/|bennetttoyotapa.com/|bennetttoyotapa.com/|bennetttoyotapa.com/|https://readingvw.com/|
1HGCV1F32MA096916,HONDA,2021,Accord,,Sport,PASSENGER CAR,UNITED STATES (USA),Sedan/Saloon,4,Class 1C: 4001-5000 lb (1814-2268 kg),Martin Main Line Honda,SEDAN 4 DR,1.5L I4 F DOHC 16V,GASOLINE,FRONT WHEEL DRIVE,2021 HONDA ACCORD SPORT,New Jersey Pennsylvania,6154,2021,$31824,Pre-delivery inspection completed|Outside mirror replaced/repaired|, martinmainlinehonda.com|
4T1B11HK8KU194091,TOYOTA,2019,Camry,AXVA70L/GSV70L/AXVH70L/AXVH71L,L/LE/SE/XLE,PASSENGER CAR,UNITED STATES (USA),Sedan/Saloon,4,,Fred Beans Hyundai of Flemington,SEDAN 4 DR,2.5L I4 F DOHC 16V,GASOLINE,FRONT WHEEL DRIVE,2019 TOYOTA CAMRY L/LE/XLE/SE/XSE,New Jersey,34813,2019,$22849,Maintenance inspection completed|5,000 mile service performed|Floor mat(s) checked|Brakes checked|Wipers/washers checked|Fluids checked|Tires rotated|Oil and filter changed|Maintenance inspection completed|10,000 mile service performed|Floor mat(s) checked|Brakes checked|Wipers/washers checked|Fluids checked|Cabin air filter replaced/cleaned|Oil and filter changed|Maintenance reminder reset|Tires rotated|Maintenance inspection completed|15,000 mile service performed|Floor mat(s) checked|Steering/suspension checked|Brakes checked|Driveshaft checked|Antifreeze/coolant checked|Exhaust system checked|Cooling system checked|Radiator checked|Wipers/washers checked|Fluids checked|Tires rotated|Oil and filter changed|Maintenance inspection completed|Oil and filter changed|Maintenance inspection completed|25,000 mile service performed|Floor mat(s) checked|Brakes checked|Wipers/washers checked|Fluids checked|Tires rotated|Oil and filter changed|Oil and filter changed|Tire repaired|Alignment performed|Four tires balanced|Four tires mounted|Cabin air filter replaced/cleaned|Air filter replaced|Tire(s) replaced|Tire condition and pressure checked|Oil and filter changed|, fredbeanstoyota.com|fredbeanstoyota.com|teamtoyotaprinceton.com|fredbeanstoyota.com|fredbeanstoyota.com|fredbeanstoyota.com|fredbeanstoyota.com|fredbeanstoyota.com|https://fredbeanshyundaiflemington.com/|
JTHC81D23K5039175,LEXUS,2019,IS,ASE30L/GSE31L/GSE36L/GSE37L,300,PASSENGER CAR,JAPAN,Sedan/Saloon,4,,Lexus of Chester Springs,SEDAN 4 DR,3.5L V6 F DOHC 24V,GASOLINE,ALL WHEEL DRIVE,2019 LEXUS IS 300,Pennsylvania,20448,2019,$37589,Pre-delivery inspection completed|Emissions inspection performed|Emissions or safety inspection performed|Maintenance inspection completed|5,000 mile service performed|Fluids checked|Tires rotated|Brakes checked|Maintenance reminder reset|Tire condition and pressure checked|Drivability/performance checked|Vehicle washed/detailed|Safety inspection performed|Emissions inspection performed|Emissions or safety inspection performed|10,000 mile service performed|Emissions inspection performed|Emissions or safety inspection performed|Pre-delivery inspection completed|20,000 mile service performed|Alignment performed|Four tires balanced|Four tires mounted|Oil and filter changed|Emissions inspection performed|Emissions or safety inspection performed|, lexusofchestersprings.com|thompsonlexus.com|1800thompson.com/|lexusofchestersprings.com|lexusofchestersprings.com|
1HGCV1F45KA035355,HONDA,2019,Accord,EX,,PASSENGER CAR,UNITED STATES (USA),Sedan/Saloon,4,Class 1C: 4001-5000 lb (1814-2268 kg),Rossi Honda,SEDAN 4 DR,1.5L I4 F DOHC 16V,GASOLINE,FRONT WHEEL DRIVE,2019 HONDA ACCORD EX,New Jersey,45955,2019,$26995,Pre-delivery inspection completed|Vehicle washed/detailed|Wheel locks installed|Maintenance inspection completed|Oil and filter changed|Maintenance inspection completed|Oil and filter changed|Maintenance inspection completed|Oil and filter changed|Tires rotated|Maintenance inspection completed|Oil and filter changed|Maintenance inspection completed|Oil and filter changed|Tires rotated|Maintenance inspection completed|Oil and filter changed|Tires rotated|Pre-delivery inspection completed|Cabin air filter replaced/cleaned|Wiper(s) replaced|Four tires balanced|Four tires mounted|Four tires replaced|Brake fluid flushed/changed|Antifreeze/coolant flushed/changed|Vehicle washed/detailed|Brakes checked|, rossihonda.com|rossihonda.com|rossihonda.com|rossihonda.com|rossihonda.com|rossihonda.com|rossihonda.com|rossihonda.com|rossihonda.com|
WAUDNAF4XKN018270,AUDI,2019,A4,A4 quattro premium,,PASSENGER CAR,GERMANY,Sedan/Saloon,4,,Audi Princeton,SEDAN 4 DR,2.0L I4 F DOHC 16V,GASOLINE,ALL WHEEL DRIVE,2019 AUDI A4 PREMIUM,New Jersey,23182,2019,$33999,Pre-delivery inspection completed|Tire condition and pressure checked|10,000 mile service performed|Maintenance inspection completed|20,000 mile service performed|Brake fluid flushed/changed|, mendhamaudi.com|audiprinceton.com|audiprinceton.com|audiprinceton.com|audiprinceton.com|audiprinceton.com|audiprinceton.com|
2HGFC2F87LH522393,HONDA,2020,Civic,Sport,,PASSENGER CAR,CANADA,Sedan/Saloon,4,Class 1B: 3001-4000 lb (1360-1814 kg),Union Park Honda,SEDAN 4 DR,2.0L I4 F DOHC 16V,GASOLINE,FRONT WHEEL DRIVE,2020 HONDA CIVIC SPORT,Delaware,20438,2020,$25988,Pre-delivery inspection completed|Wheel locks installed|Vehicle washed/detailed|Maintenance inspection completed|Recommended maintenance performed|Oil and filter changed|Recommended maintenance performed|Maintenance inspection completed|Oil and filter changed|Parking brake adjusted|Brakes checked|Tires rotated|Steering/suspension checked|Pre-delivery inspection completed|Maintenance inspection completed|Recommended maintenance performed|Tires rotated|Oil and filter changed|Brake fluid flushed/changed|Wiper(s) replaced|Four wheel alignment performed|Parking brake adjusted|Brakes checked|Steering/suspension checked|Air filter replaced|Vehicle washed/detailed|Wheel(s) repaired|, unionparkhonda.com|unionparkhonda.com|unionparkhonda.com|unionparkhonda.com|unionparkhonda.com|unionparkhonda.com|unionparkhonda.com|
2HGFC2F68MH560215,HONDA,2021,Civic,,LX,PASSENGER CAR,CANADA,Sedan/Saloon,4,Class 1B: 3001-4000 lb (1360-1814 kg),Lehigh Valley Honda Hyundai,SEDAN 4 DR,2.0L I4 F DOHC 16V,GASOLINE,FRONT WHEEL DRIVE,2021 HONDA CIVIC LX,Pennsylvania,11281,2021,$22500,Pre-delivery inspection completed|Radio code retrieved|Vehicle washed/detailed|Maintenance inspection completed|Oil and filter changed|Tires rotated|, route22honda.com|phillipsburghonda.com|
1HGCV1F54KA059025,HONDA,2019,Accord,EX-L,,PASSENGER CAR,UNITED STATES (USA),Sedan/Saloon,4,Class 1C: 4001-5000 lb (1814-2268 kg),Faulkner Honda Doylestown,SEDAN 4 DR,1.5L I4 F DOHC 16V,GASOLINE,FRONT WHEEL DRIVE,2019 HONDA ACCORD EX-L,Pennsylvania,14685,2019,$28000,Pre-delivery inspection completed|Floor mats installed|Cargo tray/mat installed|Wheel locks installed|Mud flaps/splash guards installed|Emissions inspection performed|Emissions or safety inspection performed|Pre-delivery inspection completed|Brake fluid flushed/changed|Brake system bled|Cabin air filter replaced/cleaned|Air filter replaced|Wiper(s) replaced|Wipers/washers checked|Oil and filter changed|Emissions inspection performed|Emissions or safety inspection performed|, faulknerhondadoylestown.com|faulknerhondadoylestown.com|faulknerhondadoylestown.com|
4T1B11HK2KU753084,TOYOTA,2019,Camry,AXVA70L/GSV70L/AXVH70L/AXVH71L,L/LE/SE/XLE,PASSENGER CAR,UNITED STATES (USA),Sedan/Saloon,4,,Bennett Infiniti of Allentown,SEDAN 4 DR,2.5L I4 F DOHC 16V,GASOLINE,FRONT WHEEL DRIVE,2019 TOYOTA CAMRY L/LE/XLE/SE/XSE,Pennsylvania,23737,2019,$27950,Pre-delivery inspection completed|Brakes checked|Safety inspection performed|Maintenance inspection completed|Wiper(s) replaced|Battery/charging system checked|Vehicle washed/detailed|Oil and filter changed|Emissions inspection performed|Emissions or safety inspection performed|, centralcitytoyota.com|infinitiofallentown.com/|
WAUEAAF4XMA039212,AUDI,2021,A4,quattro Premium Plus,,PASSENGER CAR,GERMANY,Sedan/Saloon,4,,Audi Princeton,SEDAN 4 DR,2.0L I4 F DOHC 16V,GASOLINE,ALL WHEEL DRIVE,2021 AUDI A4 PREMIUM PLUS,New Jersey,9390,2021,$40999,Pre-delivery inspection completed|Oil and filter changed|, audiprinceton.com|audiprinceton.com|
2HNYD2H22BH535459,ACURA,2011,MDX,Base,,MULTIPURPOSE PASSENGER VEHICLE (MPV),CANADA,Sport Utility Vehicle (SUV)/Multi-Purpose Vehicle (MPV),5,Class 1D: 5001-6000 lb (2268-2722 kg),Autobahn Motor Group Inc,4 DOOR WAGON/SPORT UTILITY,3.7L V6 F SOHC 24V,GASOLINE,ALL WHEEL DRIVE,2011 ACURA MDX,Pennsylvania,170270,2011,$11475,Tire(s) replaced|Tire condition and pressure checked|Battery replaced|Tire(s) replaced|Tire condition and pressure checked|Tires rotated|Tire(s) mounted|Tire(s) balanced|, ntb.com|ntb.com|ntb.com|ntb.com|
5FRYD4H23EB038656,ACURA,2014,MDX,,SH-AWD,MULTIPURPOSE PASSENGER VEHICLE (MPV),UNITED STATES (USA),Sport Utility Vehicle (SUV)/Multi-Purpose Vehicle (MPV),5,Class 1D: 5001-6000 lb (2268-2722 kg),Auto World Sales and Service LLC,4 DOOR WAGON/SPORT UTILITY,3.5L V6 F SOHC 24V,GASOLINE,ALL WHEEL DRIVE,2014 ACURA MDX,Pennsylvania,147459,2014,$15995,Maintenance inspection completed|Vehicle washed/detailed|Tires rotated|Oil and filter changed|Interior trim checked|Maintenance inspection completed|Oil and filter changed|Vehicle washed/detailed|Emissions inspection performed|Emissions or safety inspection performed|Maintenance inspection completed|Vehicle washed/detailed|Maintenance inspection completed|Oil and filter changed|Vehicle washed/detailed|Maintenance inspection completed|Tires rotated|Oil and filter changed|Vehicle washed/detailed|Emissions inspection performed|Emissions or safety inspection performed|Maintenance inspection completed|Vehicle washed/detailed|Drivability/performance checked|Maintenance inspection completed|Oil and filter changed|Vehicle washed/detailed|Maintenance inspection completed|Vehicle washed/detailed|Oil and filter changed|Recommended maintenance performed|Maintenance inspection completed|Front brakes replaced|Brake rotor(s) resurfaced|Vehicle washed/detailed|Oil and filter changed|Front brake pads replaced|Recommended maintenance performed|Maintenance inspection completed|Vehicle washed/detailed|Fuel injection system flushed/serviced|Drivability/performance checked|Computer(s) checked|Rear differential fluid flushed/changed|Emissions inspection performed|Recommended maintenance performed|Maintenance inspection completed|Vehicle washed/detailed|Oil and filter changed|Tires rotated|Drain plug gasket replaced|Maintenance inspection completed|Oil and filter changed|Vehicle washed/detailed|Wiper(s) replaced|Maintenance inspection completed|Oil and filter changed|Vehicle washed/detailed|Air filter replaced|Recommended maintenance performed|Maintenance inspection completed|Vehicle washed/detailed|Oil and filter changed|Tires rotated|Drain plug gasket replaced|Maintenance inspection completed|Alignment performed|Vehicle washed/detailed|Wheel bearing(s)/hub(s) replaced|Maintenance inspection completed|Oil and filter changed|Vehicle washed/detailed|Recommended maintenance performed|Maintenance inspection completed|Vehicle washed/detailed|Oil and filter changed|Tires rotated|Drain plug gasket replaced|Maintenance inspection completed|Oil and filter changed|Vehicle washed/detailed|, acuraoflimerick.com/index.htm|acuraoflimerick.com/index.htm|acuraoflimerick.com/index.htm|acuraoflimerick.com/index.htm|acuraoflimerick.com/index.htm|acuraoflimerick.com/index.htm|acuraoflimerick.com/index.htm|acuraoflimerick.com/index.htm|acuraoflimerick.com/index.htm|acuraoflimerick.com/index.htm|acuraoflimerick.com/index.htm|acuraoflimerick.com/index.htm|acuraoflimerick.com/index.htm|acuraoflimerick.com/index.htm|acuraoflimerick.com/index.htm|acuraoflimerick.com/index.htm|acuraoflimerick.com/index.htm|acuraoflimerick.com/index.htm|
5FRYD4H42EB021767,ACURA,2014,MDX,,SH-AWD Tech,MULTIPURPOSE PASSENGER VEHICLE (MPV),UNITED STATES (USA),Sport Utility Vehicle (SUV)/Multi-Purpose Vehicle (MPV),5,Class 1D: 5001-6000 lb (2268-2722 kg),Faulkner Infiniti of Willow Grove,4 DOOR WAGON/SPORT UTILITY,3.5L V6 F SOHC 24V,GASOLINE,ALL WHEEL DRIVE,2014 ACURA MDX TECH,Pennsylvania,130955,2013,$17895,Vehicle washed/detailed|Maintenance inspection completed|Maintenance inspection completed|Fluids checked|Oil and filter changed|Tire condition and pressure checked|Vehicle washed/detailed|Maintenance inspection completed|Tires rotated|Oil and filter changed|Emissions inspection performed|Emissions or safety inspection performed|Maintenance inspection completed|Recommended maintenance performed|Vehicle washed/detailed|Four wheel alignment performed|Oil and filter changed|Differential serviced|Drive belts checked|Air filter replaced|Cabin air filter replaced/cleaned|Two tires balanced|Tires rotated|Battery/charging system checked|Fluids checked|Maintenance reminder reset|Tire condition and pressure checked|Maintenance inspection completed|Vehicle washed/detailed|Emissions system serviced|Oil and filter changed|Two tires balanced|Tires rotated|A/C system serviced|Battery/charging system checked|Fluids checked|Maintenance reminder reset|Tire condition and pressure checked|Maintenance inspection completed|Vehicle washed/detailed|Four wheel alignment performed|Four tires balanced|Four tires mounted|Emissions inspection performed|Emissions or safety inspection performed|Maintenance inspection completed|Recommended maintenance performed|Oil and filter changed|Battery/charging system checked|Fluids checked|Maintenance reminder reset|Tire condition and pressure checked|Maintenance inspection completed|Recommended maintenance performed|Vehicle washed/detailed|Battery/charging system checked|Fluids checked|Maintenance reminder reset|Tire condition and pressure checked|Maintenance inspection completed|Vehicle washed/detailed|Wiper(s) replaced|Drive belts checked|Air filter replaced|Cabin air filter replaced/cleaned|Battery/charging system checked|Fluids checked|Maintenance reminder reset|Tire condition and pressure checked|Maintenance inspection completed|Recommended maintenance performed|Brake fluid flushed/changed|Oil and filter changed|Differential serviced|Front brake rotor(s) resurfaced|Front brake pads replaced|Rear brake rotor(s) resurfaced|Battery/charging system checked|Fluids checked|Maintenance reminder reset|Tire condition and pressure checked|Emissions inspection performed|Emissions or safety inspection performed|Maintenance inspection completed|Four wheel alignment performed|Four tires balanced|Four tires mounted|Emissions system serviced|Oil and filter changed|Tires rotated|Vehicle washed/detailed|Maintenance inspection completed|Safety inspection performed|Spark plug(s) replaced|Tires rotated|Oil and filter changed|Fuel system cleaned/serviced|Emissions inspection performed|Emissions or safety inspection performed|Maintenance inspection completed|Tires rotated|Oil and filter changed|Maintenance inspection completed|Alignment performed|Tire pressure monitoring system serviced|Tire(s) balanced|Tire(s) mounted|Safety inspection performed|Tire condition and pressure checked|Tires rotated|Cabin air filter replaced/cleaned|Air filter replaced|Oil and filter changed|Emissions inspection performed|Emissions or safety inspection performed|Maintenance inspection completed|Battery replaced|Oil and filter changed|Tires rotated|Vehicle washed/detailed|Wiper(s) replaced|Maintenance inspection completed|Recommended maintenance performed|Brake fluid flushed/changed|Oil and filter changed|Differential serviced|Timing belt replaced|Two tires balanced|Tires rotated|Spark plug(s) replaced|Vehicle washed/detailed|Emissions inspection performed|Emissions or safety inspection performed|Maintenance inspection completed|Vehicle washed/detailed|Four wheel alignment performed|Two tires mounted|Two tires balanced|Oil and filter changed|Tires rotated|Drive belts checked|Air filter replaced|Cabin air filter replaced/cleaned|Rear brake pads replaced|Rear brake rotor(s) replaced|Front brake rotor(s) resurfaced|Front brake pads replaced|Maintenance inspection completed|Recommended maintenance performed|Vehicle washed/detailed|Oil and filter changed|Emissions inspection performed|Emissions or safety inspection performed|Maintenance inspection completed|Vehicle washed/detailed|Maintenance inspection completed|Spark plug(s) replaced|Cabin air filter replaced/cleaned|Antifreeze/coolant flushed/changed|Brake fluid flushed/changed|Transmission fluid changed|Tires rotated|Oil and filter changed|Brakes checked|Maintenance inspection completed|Four wheel alignment performed|Vehicle washed/detailed|Front wheel bearing(s)/hub(s) replaced|Maintenance inspection completed|Recommended maintenance performed|Oil and filter changed|Vehicle washed/detailed|Tire repaired|Wiper(s) replaced|Emissions inspection performed|Emissions or safety inspection performed|Pre-delivery inspection completed|Brakes checked|Four wheel alignment performed|Four tires balanced|Four tires mounted|Wiper(s) replaced|Tire condition and pressure checked|Oil and filter changed|Vehicle washed/detailed|Emissions inspection performed|Emissions or safety inspection performed|, montgomeryvilleacura.com|montgomeryvilleacura.com|montgomeryvilleacura.com|pepboys.com|montgomeryvilleacura.com|montgomeryvilleacura.com|montgomeryvilleacura.com|montgomeryvilleacura.com|montgomeryvilleacura.com|montgomeryvilleacura.com|montgomeryvilleacura.com|montgomeryvilleacura.com|pepboys.com|pepboys.com|pepboys.com|montgomeryvilleacura.com|montgomeryvilleacura.com|montgomeryvilleacura.com|montgomeryvilleacura.com|montgomeryvilleacura.com|pepboys.com|montgomeryvilleacura.com|montgomeryvilleacura.com|faulknerinfinitiwillowgrove.com|
2HNYD2H39DH514541,ACURA,2013,MDX,Tech,,MULTIPURPOSE PASSENGER VEHICLE (MPV),CANADA,Sport Utility Vehicle (SUV)/Multi-Purpose Vehicle (MPV),5,Class 1D: 5001-6000 lb (2268-2722 kg),Hyundai of South Brunswick,4 DOOR WAGON/SPORT UTILITY,3.7L V6 F SOHC 24V,GASOLINE,ALL WHEEL DRIVE,2013 ACURA MDX TECH,Pennsylvania,126375,2013,$16000,Pre-delivery inspection completed|Safety inspection performed|Wheel locks installed|Emissions inspection performed|Battery/charging system checked|Tires rotated|Window(s) serviced|Maintenance inspection completed|Brakes checked|Oil and filter changed|Safety inspection performed|Emissions inspection performed|Emissions or safety inspection performed|Maintenance inspection completed|Recommended maintenance performed|Fluids checked|Oil and filter changed|Tires rotated|Cabin air filter replaced/cleaned|Battery/charging system checked|Recommended maintenance performed|Oil and filter changed|Battery/charging system checked|Emissions or safety inspection performed|Battery/charging system checked|Battery replaced|Maintenance inspection completed|Battery/charging system checked|Four tires balanced|Oil and filter changed|Wiper(s) replaced|Maintenance inspection completed|Battery/charging system checked|Oil and filter changed|Rear differential fluid flushed/changed|Maintenance inspection completed|Battery/charging system checked|Oil and filter changed|Front wiper blades/refills replaced|Battery/charging system checked|Tire(s) balanced|Four tires mounted|Four wheel alignment performed|Maintenance inspection completed|Battery/charging system checked|Transfer case fluid flushed/changed|Transmission fluid changed|Brake fluid flushed/changed|Oil and filter changed|Air filter replaced|Cabin air filter replaced/cleaned|Rear brake pads replaced|Maintenance inspection completed|Battery/charging system checked|Air filter replaced|Fluids checked|Oil and filter changed|Tire condition and pressure checked|Cabin air filter replaced/cleaned|Wiper(s) replaced|Tires rotated|Maintenance inspection completed|Battery/charging system checked|Four tires balanced|Oil and filter changed|Brakes checked|Maintenance inspection completed|Battery/charging system checked|Oil and filter changed|Maintenance inspection completed|Fluids checked|Oil and filter changed|Tire(s) balanced|Four tires balanced|Battery/charging system checked|Transfer case fluid flushed/changed|Transmission fluid changed|Brake fluid flushed/changed|Drive belts checked|Air filter replaced|Cabin air filter replaced/cleaned|Alignment performed|Tire condition and pressure checked|Emissions or safety inspection performed|Battery/charging system checked|Maintenance inspection completed|Battery/charging system checked|Fluids checked|Oil and filter changed|Tires rotated|Front wiper blades/refills replaced|Battery/charging system checked|Air filter replaced|Cabin air filter replaced/cleaned|Fluids checked|Oil and filter changed|Differential fluid flushed/changed|Rear differential fluid flushed/changed|Drivability/performance checked|Pre-delivery inspection completed|Four wheel alignment performed|Air filter replaced|Cabin air filter replaced/cleaned|Tires rotated|Oil and filter changed|, davisacura.com|davisacura.com|davisacura.com|davisacura.com|davisacura.com|davisacura.com|davisacura.com|davisacura.com|davisacura.com|davisacura.com|davisacura.com|davisacura.com|davisacura.com|davisacura.com|davisacura.com|davisacura.com|davisacura.com|davisacura.com|davisacura.com|davisacura.com|https://hyundaisouthbrunswick.com/|
5FRYD4H44GB026228,ACURA,2016,MDX,,SH-AWD w/Tech,MULTIPURPOSE PASSENGER VEHICLE (MPV),UNITED STATES (USA),Sport Utility Vehicle (SUV)/Multi-Purpose Vehicle (MPV),5,Class 1D: 5001-6000 lb (2268-2722 kg),Thompson BMW,4 DOOR WAGON/SPORT UTILITY,3.5L V6 F SOHC 24V,GASOLINE,ALL WHEEL DRIVE,2016 ACURA MDX TECH,Pennsylvania,115517,2015,$22989,Pre-delivery inspection completed|Floor mats installed|Wheel locks installed|Safety inspection performed|Emissions inspection performed|Vehicle washed/detailed|Pre-delivery inspection completed|Recommended maintenance performed|Vehicle washed/detailed|Oil and filter changed|Wiper(s) replaced|Two tires balanced|Tires rotated|Emissions inspection performed|Maintenance inspection completed|Oil and filter changed|, montgomeryvilleacura.com|montgomeryvilleacura.com|montgomeryvilleacura.com|pepboys.com|
2HNYD2H20BH551062,ACURA,2011,MDX,Base,,MULTIPURPOSE PASSENGER VEHICLE (MPV),CANADA,Sport Utility Vehicle (SUV)/Multi-Purpose Vehicle (MPV),5,Class 1D: 5001-6000 lb (2268-2722 kg),Trend Auto Trader Inc,4 DOOR WAGON/SPORT UTILITY,3.7L V6 F SOHC 24V,GASOLINE,ALL WHEEL DRIVE,2011 ACURA MDX,New York Pennsylvania,106005,2011,$15999,Pre-delivery inspection completed|Vehicle washed/detailed|Fluids checked|Tire condition and pressure checked|Body side moldings installed|Roof rack installed|Maintenance inspection completed|Battery/charging system checked|Vehicle washed/detailed|Maintenance inspection completed|Vehicle washed/detailed|Battery cable(s) replaced|Oil and filter changed|Tires rotated|Battery/charging system checked|Maintenance inspection completed|Vehicle washed/detailed|Battery/charging system checked|Maintenance inspection completed|Vehicle washed/detailed|Battery/charging system checked|Vehicle washed/detailed|Oil and filter changed|Tires rotated|Vehicle washed/detailed|Wiper switch replaced|Oil and filter changed|Front wiper blades/refills replaced|Drain plug gasket replaced|Drain plug gasket replaced|Oil and filter changed|Drain plug gasket replaced|Cabin air filter replaced/cleaned|Oil and filter changed|Battery/charging system checked|Spark plug(s) replaced|Drivability/performance checked|Brakes serviced|Timing belt replaced|Fluids checked|Oil and filter changed|Tire condition and pressure checked|Battery replaced|Brake fluid flushed/changed|Brakes checked|Timing belt tensioner/idler checked|Air filter replaced|Cabin air filter replaced/cleaned|Fluids checked|Oil and filter changed|Tire condition and pressure checked|Four wheel alignment performed|Tire(s) replaced|Two tires mounted|Emissions or safety inspection performed|, rallyeacura.com|rallyeacura.com|rallyeacura.com|rallyeacura.com|rallyeacura.com|rallyeacura.com|rallyeacura.com|plandomeservice.com/|plandomeservice.com/|
5FRYD4H85FB016003,ACURA,2015,MDX,Advance Ent,,MULTIPURPOSE PASSENGER VEHICLE (MPV),UNITED STATES (USA),Sport Utility Vehicle (SUV)/Multi-Purpose Vehicle (MPV),5,Class 1D: 5001-6000 lb (2268-2722 kg),Piazza Acura of West Chester,4 DOOR WAGON/SPORT UTILITY,3.5L V6 F SOHC 24V,GASOLINE,ALL WHEEL DRIVE,2015 ACURA MDX ADVANCE,Pennsylvania,88600,2014,$26333,, 
5J8YD4H58KL024614,ACURA,2019,MDX,,SH-AWD TECH 7P,MULTIPURPOSE PASSENGER VEHICLE (MPV),UNITED STATES (USA),Sport Utility Vehicle (SUV)/Multi-Purpose Vehicle (MPV),5,Class 1D: 5001-6000 lb (2268-2722 kg),J & S Autohaus,4 DOOR WAGON/SPORT UTILITY,3.5L V6 F SOHC 24V,GASOLINE,ALL WHEEL DRIVE,2019 ACURA MDX TECH,New York New Jersey,86296,2019,$31995,Pre-delivery inspection completed|Maintenance inspection completed|Vehicle washed/detailed|Oil and filter changed|Tire(s) balanced|Tires rotated|Fluids checked|Maintenance inspection completed|Vehicle washed/detailed|Oil and filter changed|Tire(s) balanced|Tires rotated|Fluids checked|Recommended maintenance performed|Maintenance inspection completed|Vehicle washed/detailed|Oil and filter changed|Tire condition and pressure checked|Wiper(s) replaced|Throttle body cleaned/serviced|Tire(s) balanced|Tires rotated|Fluids checked|Air filter replaced|Recommended maintenance performed|Maintenance inspection completed|Oil and filter changed|Tire condition and pressure checked|Fluids checked|Wiper(s) replaced|Tire(s) balanced|Tires rotated|Body electrical system checked|Four wheel alignment performed|Vehicle washed/detailed|Recommended maintenance performed|Maintenance inspection completed|Vehicle washed/detailed|Oil and filter changed|Tire condition and pressure checked|Fluids checked|Wiper(s) replaced|Tire(s) balanced|Tires rotated|Maintenance inspection completed|Recommended maintenance performed|Engine/powertrain computer/module checked|Vehicle washed/detailed|Oil and filter changed|Transmission fluid changed|Throttle body cleaned/serviced|Drive belts checked|Fluids checked|Air filter replaced|Transmission checked|Tires rotated|Recommended maintenance performed|Maintenance inspection completed|Engine/powertrain computer/module checked|Vehicle washed/detailed|Oil and filter changed|Tire condition and pressure checked|Fluids checked|Wiper(s) replaced|Tire(s) balanced|Tires rotated|Tire(s) replaced|Four wheel alignment performed|Two tires mounted|Two tires balanced|Maintenance inspection completed|Recommended maintenance performed|Vehicle washed/detailed|Oil and filter changed|Drive belts checked|Fluids checked|Maintenance inspection completed|Oil and filter changed|Tire condition and pressure checked|Vehicle washed/detailed|Wiper(s) replaced|Throttle body cleaned/serviced|Tire(s) balanced|Tires rotated|Fluids checked|Air filter replaced|Maintenance inspection completed|Oil and filter changed|, clintonacura.com|clintonacura.com|clintonacura.com|clintonacura.com|clintonacura.com|clintonacura.com|clintonacura.com|clintonacura.com|clintonacura.com|clintonacura.com|clintonacura.com|jsmitsubishi.com/|
5FRYD7H76HB001182,ACURA,2017,MDX,SH-E-AWD,Advance,MULTIPURPOSE PASSENGER VEHICLE (MPV),UNITED STATES (USA),Sport Utility Vehicle (SUV)/Multi-Purpose Vehicle (MPV),5,Class 1D: 5001-6000 lb (2268-2722 kg),PA Auto Sales,4 DOOR WAGON/SPORT UTILITY,3.0L V6 F SOHC 24V,HYBRID,ALL WHEEL DRIVE,2017 ACURA MDX SPORT HYBRID ADVANCE,Ohio,81326,2017,$32995,Floor mats installed|Mud flaps/splash guards installed|Cargo tray/mat installed|Pre-delivery inspection completed|Fluids checked|Oil and filter changed|Engine cleaned|Vehicle washed/detailed|, serraacuraakron.com|serraacuraakron.com|performancedelawarechryslerjeep.com|
